Name,,Tm,R,RBI,SB,CS,OPS,OPS+,TB,GDP,HBP,SH,SF,IBB,PA
,Age,,,,,,,,,,,,,,
Junior Caminero,19,TBR,4,7,0,0,0.631,75,12,2,0,0,0,0,36
Evan Carter*,20,TEX,15,12,3,0,1.058,182,40,1,0,0,1,1,75
Jasson Domínguez#,20,NYY,6,7,1,0,0.98,158,21,1,0,0,0,0,33
Jordan Lawlar,20,ARI,2,0,1,1,0.335,-5,4,0,1,0,0,0,34
Francisco Álvarez,21,NYM,51,63,2,0,0.721,95,167,14,6,0,1,0,423
Pete Crow-Armstrong*,21,CHC,3,1,2,2,0.176,-46,0,0,0,2,0,0,19
Elly De La Cruz#,21,CIN,67,44,35,8,0.71,89,159,6,2,1,1,3,427
Marco Luciano,21,SFG,4,0,1,0,0.641,80,12,0,0,0,0,0,45
Noelvi Marte,21,CIN,15,15,6,2,0.822,120,52,1,1,0,0,0,123
Luis Matos,21,SFG,24,14,3,0,0.661,84,78,3,3,2,0,0,253
Kyren Paris,21,LAA,4,1,3,0,0.3,-14,4,0,1,1,0,0,46
Nolan Schanuel*,21,LAA,19,6,0,0,0.732,103,36,1,3,0,0,1,132
Tyler Soderstrom*,21,OAK,9,7,0,0,0.472,36,30,6,1,0,1,0,138
Ezequiel Tovar,21,COL,79,73,11,5,0.695,77,237,10,4,2,3,0,615
Jordan Walker,21,STL,51,51,7,4,0.787,114,187,9,6,0,2,0,465
Masyn Winn,21,STL,8,12,2,1,0.467,29,29,1,0,2,3,0,137
CJ Abrams*,22,WSN,83,64,47,4,0.712,95,232,7,13,3,3,2,614
Osleivis Basabe,22,TBR,15,12,0,1,0.587,64,27,2,1,0,0,0,94
Lawrence Butler*,22,OAK,10,10,0,0,0.582,64,42,5,1,0,1,0,129
Corbin Carroll*,22,ARI,116,76,54,5,0.868,134,286,7,13,6,4,1,645
Jordan Diaz,22,OAK,20,27,0,1,0.637,81,99,10,3,0,1,0,293
Wander Franco#,22,TBR,65,58,30,10,0.819,126,210,18,3,0,4,3,491
Riley Greene*,22,DET,51,37,7,0,0.796,117,169,7,1,0,2,0,416
Vaughn Grissom,22,ATL,5,9,0,1,0.659,78,26,2,2,0,1,0,80
Michael Harris II*,22,ATL,76,57,20,4,0.808,114,241,8,5,1,3,1,539
Gunnar Henderson*,22,BAL,100,82,10,3,0.814,125,274,10,3,0,3,1,622
Luke Little*,22,CHC,0,0,0,0,,,0,0,0,0,0,0,0
Ronny Mauricio#,22,NYM,11,9,7,0,0.643,77,35,2,0,0,0,0,108
Curtis Mead,22,TBR,12,5,0,0,0.675,89,29,3,2,0,0,0,92
Zach Neto,22,LAA,38,34,5,1,0.685,86,109,5,16,1,3,0,329
Liover Peguero,22,PIT,21,26,6,2,0.653,77,74,6,1,2,1,0,213
Everson Pereira,22,NYY,6,10,4,0,0.427,20,18,1,2,0,0,0,103
Ceddanne Rafaela,22,BOS,11,5,3,1,0.666,78,32,2,1,0,1,0,89
Brayan Rocchio#,22,CLE,9,8,0,0,0.6,68,26,4,0,0,1,0,86
José Rodriguez,22,CHW,1,0,0,0,,,0,0,0,0,0,0,0
Julio Rodríguez,22,SEA,102,103,37,10,0.818,128,317,14,11,0,2,6,714
Johan Rojas,22,PHI,24,23,14,1,0.771,111,64,1,4,6,0,0,164
José Tena*,22,CLE,2,3,0,0,0.584,65,9,0,0,0,0,0,34
Anthony Volpe,22,NYY,62,60,24,5,0.666,81,207,10,5,1,2,0,601
Jordyn Adams,23,LAA,1,1,1,2,0.253,-31,5,0,0,0,1,0,40
Gabriel Arias,23,CLE,36,26,3,4,0.628,75,111,9,1,0,1,0,345
Ji Hwan Bae*,23,PIT,54,32,24,9,0.608,67,104,4,2,3,2,0,371
Brett Baty*,23,NYM,41,34,2,0,0.598,65,114,8,2,1,1,0,389
Alexander Canario,23,CHC,1,6,0,0,0.941,143,11,0,0,0,0,0,17
Triston Casas*,23,BOS,66,65,0,0,0.856,129,210,7,1,0,2,2,502
Colton Cowser*,23,BAL,15,4,1,0,0.433,28,9,1,2,0,1,0,77
Henry Davis,23,PIT,27,24,3,5,0.653,78,79,3,4,0,1,2,255
Xavier Edwards#,23,MIA,12,3,5,0,0.663,81,26,1,1,2,0,0,84
Christian Encarnacion-Strand,23,CIN,29,37,2,0,0.805,113,106,5,5,0,0,0,241
Sal Frelick*,23,MIL,29,24,7,0,0.692,91,67,2,1,0,3,0,223
Luis García Jr.*,23,WSN,61,50,9,4,0.688,90,172,10,0,1,7,1,482
Maikel García,23,KCR,59,50,23,7,0.681,88,166,9,2,1,10,0,515
Zack Gelof,23,OAK,40,32,14,2,0.84,137,136,5,3,0,1,1,300
Hunter Goodman,23,COL,6,17,1,0,0.632,60,27,2,0,0,2,0,77
Nolan Gorman*,23,STL,59,76,7,2,0.805,117,194,5,3,0,2,1,464
Iván Herrera,23,STL,6,4,0,0,0.76,112,13,1,2,0,0,0,44
Jarred Kelenic*,23,SEA,44,49,13,5,0.746,109,156,6,1,0,2,4,416
Tucupita Marcano*,23,PIT,16,18,5,2,0.633,72,72,2,3,3,2,0,220
Matt McLain,23,CIN,65,50,14,5,0.864,129,185,5,7,0,0,0,403
Parker Meadows*,23,DET,19,13,8,1,0.699,92,46,0,2,0,1,1,145
Wade Meckler*,23,SFG,6,4,0,0,0.578,64,14,0,2,0,0,0,64
Gabriel Moreno,23,ARI,33,50,6,2,0.747,104,139,17,3,0,7,0,380
Bo Naylor*,23,CLE,33,32,5,0,0.809,124,93,2,1,0,1,1,230
Logan O'Hoppe,23,LAA,23,29,0,1,0.796,111,91,4,2,0,1,0,199
Jonathan Ornelas,23,TEX,2,0,0,0,0.393,12,1,0,1,0,0,0,8
Oswald Peraza,23,NYY,15,14,4,3,0.539,49,47,1,5,0,0,0,191
Geraldo Perdomo#,23,ARI,71,47,16,4,0.712,96,146,2,6,14,4,1,495
Heliot Ramos,23,SFG,5,2,0,0,0.537,48,17,1,0,0,0,0,60
Endy Rodríguez#,23,PIT,27,13,0,0,0.612,67,61,3,0,0,1,0,204
Eguy Rosario,23,SDP,6,6,0,0,0.77,109,18,1,0,0,0,0,37
Michael Siani*,23,TOT,1,0,1,1,0.167,-48,0,0,0,0,0,0,6
Michael Siani*,23,CIN,1,0,0,1,,,0,0,0,0,0,0,1
Michael Siani*,23,STL,0,0,1,0,0,-100,0,0,0,0,0,0,5
Lenyn Sosa,23,CHW,12,14,0,1,0.571,53,57,3,0,3,1,1,173
Livan Soto*,23,LAA,2,0,0,0,0.639,82,2,0,0,0,0,0,12
Alek Thomas*,23,ARI,51,39,9,1,0.647,75,140,5,4,2,3,1,402
Spencer Torkelson,23,DET,88,94,3,0,0.758,105,270,15,6,0,5,1,684
Brice Turang*,23,MIL,46,34,26,4,0.585,62,121,9,1,3,2,1,448
Miguel Vargas,23,LAD,36,32,3,2,0.672,81,94,1,4,1,4,1,304
Mark Vientos,23,NYM,19,22,1,0,0.62,69,80,5,3,0,2,0,233
Austin Wells*,23,NYY,8,13,0,0,0.742,97,34,3,0,0,1,0,75
Bobby Witt Jr.,23,KCR,97,96,49,15,0.813,120,317,11,4,1,8,1,694
Jacob Young,23,WSN,9,12,13,0,0.658,84,36,2,1,3,0,0,121
Wilyer Abreu*,24,BOS,10,14,3,1,0.862,132,36,0,0,0,0,0,85
Jo Adell,24,LAA,7,6,1,0,0.706,87,26,1,0,0,0,0,62
Nick Allen,24,OAK,29,20,5,1,0.55,58,87,8,1,6,2,0,329
Jacob Amaya,24,MIA,1,2,1,0,0.444,22,2,0,0,0,0,0,9
Miguel Amaya,24,CHC,17,18,0,0,0.688,86,47,2,11,1,1,0,156
Jonathan Araúz#,24,NYM,3,9,0,0,0.491,34,17,1,0,2,0,0,66
Akil Baddoo*,24,DET,40,34,14,3,0.682,86,116,4,0,2,1,2,357
Patrick Bailey#,24,SFG,29,48,1,0,0.644,77,117,8,3,2,1,0,353
Alec Burleson*,24,STL,34,36,3,1,0.691,87,123,13,3,1,2,0,347
Oswaldo Cabrera#,24,NYY,35,29,8,0,0.574,58,89,6,2,3,2,1,330
Luis Campusano,24,SDP,27,30,0,0,0.847,134,80,8,3,0,1,0,174
Dylan Carlson#,24,STL,27,27,3,0,0.651,79,73,4,7,0,3,0,255
Rodolfo Castro#,24,TOT,21,24,1,4,0.618,70,73,4,5,0,1,1,256
Rodolfo Castro#,24,PIT,19,22,1,4,0.672,84,70,4,5,0,1,1,224
Rodolfo Castro#,24,PHI,2,2,0,0,0.256,-27,3,0,0,0,0,0,32
Oscar Colás*,24,CHW,32,19,4,3,0.571,55,77,5,2,2,2,1,263
Oneil Cruz*,24,PIT,7,4,3,0,0.75,107,12,0,0,0,1,0,40
Jonny DeLuca,24,LAD,5,6,1,0,0.74,97,18,0,0,0,0,0,45
Yainer Diaz,24,HOU,51,60,0,0,0.846,128,191,12,5,0,6,0,377
Jeter Downs,24,WSN,4,1,2,0,1.067,207,2,0,0,0,0,0,9
Ezequiel Duran,24,TEX,55,46,8,4,0.768,106,180,7,7,1,2,1,439
José Fermín,24,STL,2,4,0,1,0.594,67,13,1,2,2,0,0,61
Tyler Freeman,24,CLE,20,18,5,0,0.661,84,56,3,2,2,1,0,168
Andrés Giménez*,24,CLE,76,62,30,6,0.712,98,222,10,20,4,3,3,616
Nick Gonzales,24,PIT,12,13,0,1,0.616,67,40,0,4,1,2,0,128
Brusdar Graterol,24,LAD,0,0,0,0,,,0,0,0,0,0,0,0
Vladimir Guerrero Jr.,24,TOR,78,94,5,3,0.788,117,267,23,9,0,4,5,682
DL Hall*,24,BAL,0,0,0,0,,,0,0,0,0,0,0,0
Edouard Julien*,24,MIN,60,37,3,0,0.839,130,155,8,2,1,3,0,408
Buddy Kennedy,24,ARI,1,1,0,0,0.519,47,5,0,1,0,0,0,29
Alejandro Kirk,24,TOR,34,43,0,0,0.692,93,133,21,6,0,2,1,422
Heston Kjerstad*,24,BAL,3,3,0,0,0.748,106,14,0,0,0,0,0,33
Korey Lee,24,CHW,4,3,0,0,0.281,-22,9,0,0,0,0,0,70
Royce Lewis,24,MIN,36,52,6,1,0.921,150,119,5,2,0,0,0,239
Nick Loftin,24,KCR,10,10,2,0,0.803,121,27,0,1,0,1,0,68
MJ Melendez*,24,KCR,65,56,6,4,0.713,95,212,4,3,0,4,2,602
Calvin Mitchell*,24,PIT,0,0,0,0,0.2,-38,0,0,0,0,0,0,5
Garrett Mitchell*,24,MIL,10,7,1,1,0.761,106,29,0,0,0,1,0,73
Elehuris Montero,24,COL,40,39,0,0,0.716,82,121,5,5,0,3,0,307
Christopher Morel,24,CHC,62,70,6,2,0.821,116,197,7,2,1,2,0,429
Andrés Muñoz,24,SEA,0,0,0,0,,,0,0,0,0,0,0,0
Andrew Nardi*,24,MIA,0,0,0,0,,,0,0,0,0,0,0,0
Joey Ortiz,24,BAL,4,4,0,0,0.448,26,8,2,0,0,1,0,34
Cristian Pache,24,PHI,12,11,2,3,0.736,100,35,1,0,1,0,0,95
Isaac Paredes,24,TBR,71,98,1,0,0.84,131,240,11,20,0,1,0,571
Nick Pratto*,24,KCR,33,35,1,1,0.66,82,108,3,6,0,4,0,345
Esteury Ruiz,24,OAK,47,47,67,13,0.654,88,155,7,16,4,1,1,497
Keibert Ruiz#,24,WSN,55,67,1,1,0.717,97,214,13,6,0,2,1,562
Casey Schmitt,24,SFG,28,30,2,1,0.58,60,82,7,5,3,3,0,277
Davis Schneider,24,TOR,23,20,1,0,1.008,175,70,2,4,0,0,0,141
Canaan Smith-Njigba*,24,PIT,3,5,1,0,0.435,20,7,1,0,0,1,0,37
Juan Soto*,24,SDP,97,109,12,5,0.93,158,295,18,2,1,5,11,708
Jack Suwinski*,24,PIT,63,74,13,2,0.793,115,203,2,6,0,6,2,534
Fernando Tatis Jr.,24,SDP,91,78,29,4,0.77,113,258,17,3,1,3,0,635
Leody Taveras#,24,TEX,67,67,14,4,0.733,97,215,3,1,3,4,0,554
Samad Taylor,24,KCR,11,4,8,0,0.546,52,16,1,0,1,1,0,69
Michael Toglia#,24,COL,18,9,1,1,0.507,30,40,3,1,0,0,0,152
Enmanuel Valdez*,24,BOS,17,19,5,1,0.764,103,63,4,1,0,0,0,149
Nelson Velázquez,24,TOT,35,34,0,0,0.888,136,95,3,2,0,1,0,179
Nelson Velázquez,24,CHC,8,6,0,0,0.933,143,18,1,0,0,0,0,32
Nelson Velázquez,24,KCR,27,28,0,0,0.878,134,77,2,2,0,1,0,147
Drew Waters#,24,KCR,40,32,16,5,0.677,85,114,4,5,0,3,0,337
Jordan Westburg,24,BAL,26,23,4,1,0.715,100,84,3,1,0,3,0,228
Joey Wiemer,24,MIL,48,42,11,4,0.645,76,133,4,5,0,2,0,410
Alika Williams,24,PIT,7,6,0,0,0.518,44,25,2,1,1,0,0,112
Brett Wisely*,24,SFG,10,8,2,1,0.497,38,32,2,0,1,1,0,131
Ronald Acuna Jr.,25,ATL,149,106,73,14,1.012,168,383,15,9,0,3,3,735
Jonathan Aranda*,25,TBR,13,13,0,0,0.708,98,32,1,2,0,1,1,103
José Barrero,25,CIN,15,17,3,2,0.619,67,43,1,0,0,1,0,149
Will Benson*,25,CIN,51,31,19,3,0.863,130,143,3,1,0,1,0,329
Bo Bichette,25,TOR,69,73,5,3,0.814,123,271,14,2,0,1,0,601
JJ Bleday*,25,OAK,35,27,5,1,0.666,91,91,3,2,0,3,0,303
Matt Brash,25,SEA,0,0,0,0,,,0,0,0,0,0,0,0
Will Brennan*,25,CLE,41,41,13,5,0.655,83,154,4,5,0,2,2,455
Vidal Bruján#,25,TBR,14,6,3,2,0.438,25,15,1,2,1,0,0,84
Michael Busch*,25,LAD,9,7,1,0,0.539,45,21,0,0,0,1,0,81
Dominic Canzone*,25,TOT,23,21,1,0,0.657,81,69,5,1,0,0,0,182
Dominic Canzone*,25,ARI,4,8,0,0,0.661,80,14,1,1,0,0,0,41
Dominic Canzone*,25,SEA,19,13,1,0,0.656,81,55,4,0,0,0,0,141
Kerry Carpenter*,25,DET,57,64,6,0,0.811,120,197,5,8,0,1,3,459
Diego Castillo,25,ARI,0,0,0,0,0,-100,0,0,0,0,0,0,1
Jazz Chisholm Jr.*,25,MIA,50,51,22,3,0.761,103,161,4,2,1,2,0,383
William Contreras,25,MIL,86,78,6,1,0.825,125,247,23,5,1,2,2,611
Camilo Doval,25,SFG,0,0,0,0,,,0,0,0,0,0,0,0
Brenton Doyle,25,COL,48,48,22,5,0.593,52,137,9,4,3,3,0,431
Cam Eden,25,TOR,1,0,0,0,0.333,-7,1,0,0,0,0,0,6
Tyler Fitzgerald,25,SFG,3,5,2,0,0.733,98,15,0,0,0,0,0,34
Dominic Fletcher*,25,ARI,10,14,0,2,0.791,115,41,0,0,2,0,1,102
Estevan Florial*,25,NYY,5,8,3,0,0.635,76,19,0,2,0,1,0,71
Luis Frías,25,ARI,0,0,0,0,,,0,0,0,0,0,0,0
Oscar González,25,CLE,15,12,0,0,0.551,53,54,2,1,0,1,0,180
David Hamilton*,25,BOS,2,0,2,1,0.438,22,6,1,0,0,0,0,39
Yonny Hernández#,25,LAD,5,4,0,0,0.413,14,4,0,1,1,1,0,27
Spencer Horwitz*,25,TOR,5,7,0,0,0.726,102,15,1,1,0,0,0,44
Sam Huff,25,TEX,5,6,0,0,0.801,112,22,1,0,0,0,0,45
Drey Jameson,25,ARI,0,0,0,0,,,0,0,0,0,0,0,0
Bryce Jarvis*,25,ARI,0,0,0,0,,,0,0,0,0,0,0,0
Jahmai Jones,25,MIL,2,3,1,0,0.573,58,3,0,0,0,0,0,11
Nolan Jones*,25,COL,60,62,20,4,0.931,138,199,1,3,0,1,3,424
Josh Jung,25,TEX,75,70,1,3,0.781,109,223,7,5,0,2,0,515
Karl Kauffmann,25,COL,0,0,0,0,,,0,0,0,0,0,0,0
Grae Kessinger,25,HOU,3,1,0,1,0.614,70,13,0,0,0,0,0,45
Carter Kieboom,25,WSN,12,11,0,0,0.634,74,32,2,1,0,0,0,94
Alex Kirilloff*,25,MIN,35,41,1,0,0.793,117,125,2,7,0,3,1,319
Ryan Kreidler,25,DET,2,0,0,0,0.222,-38,2,0,0,0,0,0,18
Steven Kwan*,25,CLE,93,54,21,3,0.71,100,236,9,3,1,6,2,718
Shea Langeliers,25,OAK,52,63,3,2,0.681,92,185,10,5,1,2,2,490
Andre Lipcius,25,DET,3,4,0,0,0.742,103,14,1,0,0,0,0,38
Josh Lowe*,25,TBR,71,83,32,3,0.835,129,233,6,1,0,3,2,501
Brandon Marsh*,25,PHI,58,60,10,2,0.829,127,185,4,4,1,4,2,472
Michael Massey*,25,KCR,42,55,6,2,0.655,78,163,3,4,1,4,0,461
Jake McCarthy*,25,ARI,37,16,26,4,0.644,77,90,4,5,4,1,0,312
Matt Mervis*,25,CHC,8,11,0,0,0.531,43,26,1,1,0,0,0,99
Drew Millas#,25,WSN,1,6,0,0,0.839,131,13,2,0,1,0,0,33
José Miranda,25,MIN,12,13,0,0,0.566,56,43,8,1,0,0,0,152
Mickey Moniak*,25,LAA,35,45,6,3,0.802,113,154,4,3,0,0,1,323
Lars Nootbaar*,25,STL,74,46,11,1,0.784,115,178,7,1,1,3,2,503
Vinnie Pasquantino*,25,KCR,24,26,0,0,0.762,108,101,7,2,0,1,2,260
Jeremy Peña,25,HOU,81,52,13,9,0.705,95,220,11,9,1,1,1,634
Cole Ragans*,25,TOT,0,0,0,0,,,0,0,0,0,0,0,0
Cole Ragans*,25,TEX,0,0,0,0,,,0,0,0,0,0,0,0
Luis Robert Jr.,25,CHW,90,80,20,4,0.857,128,296,10,12,0,2,5,595
Ben Rortvedt*,25,NYY,6,4,0,0,0.461,28,15,1,0,0,0,0,79
Adley Rutschman#,25,BAL,84,80,1,2,0.809,128,256,14,2,0,5,6,687
Blake Sabol*,25,SFG,36,44,4,2,0.695,91,122,4,6,2,2,0,344
Jesús Sánchez*,25,MIA,43,52,3,1,0.777,108,162,12,2,1,1,1,402
Cole Sands,25,MIN,0,0,0,0,,,0,0,0,0,0,0,0
Braden Shewmake*,25,ATL,0,0,0,0,0,-100,0,0,0,0,0,0,4
Josh H. Smith*,25,TEX,29,15,1,0,0.633,73,64,3,9,2,1,0,232
Carson Spiers,25,CIN,0,0,0,0,,,0,0,0,0,0,0,0
Spencer Steer,25,CIN,74,86,15,3,0.82,119,270,9,11,0,4,0,665
Bryson Stott*,25,PHI,78,62,31,3,0.747,104,245,10,7,1,8,1,640
Kyle Stowers*,25,BAL,1,0,0,0,0.218,-35,2,1,0,0,0,0,33
Bubba Thompson,25,TEX,10,4,4,2,0.52,41,15,0,1,1,1,0,60
Taylor Trammell*,25,SEA,7,11,0,1,0.612,73,15,2,1,0,0,0,56
Jared Triolo,25,PIT,30,21,6,1,0.785,116,72,0,3,0,1,0,209
Andrew Vaughn,25,CHW,67,80,0,0,0.743,101,243,15,11,0,2,0,615
Matt Wallner*,25,MIN,42,41,2,1,0.877,139,108,1,13,0,0,1,254
Hayden Wesneski,25,CHC,0,0,0,0,,,0,0,0,0,0,0,0
Juan Yepez,25,STL,5,2,0,1,0.546,49,18,0,1,0,0,0,65
Ty Adcock,26,SEA,0,0,0,0,,,0,0,0,0,0,0,0
Ozzie Albies#,26,ATL,96,109,13,1,0.849,124,306,9,8,0,8,2,660
Jake Alu*,26,WSN,14,16,5,1,0.571,59,46,2,3,1,2,0,175
Yordan Álvarez*,26,HOU,77,97,0,0,0.99,170,239,7,13,0,4,5,496
Luis Arráez*,26,MIA,71,69,3,2,0.861,133,269,18,4,1,3,10,617
Luken Baker,26,STL,9,10,0,0,0.627,73,27,1,0,0,0,0,99
Joey Bart,26,SFG,9,5,0,0,0.528,47,23,0,4,0,1,0,95
Travis Blankenhorn*,26,WSN,2,1,0,0,0.555,57,8,0,0,0,0,0,37
Alec Bohm,26,PHI,74,97,4,1,0.765,108,244,23,5,0,6,1,611
J.B. Bukauskas,26,TOT,0,0,0,0,,,0,0,0,0,0,0,0
J.B. Bukauskas,26,SEA,0,0,0,0,,,0,0,0,0,0,0,0
Peyton Burdick,26,MIA,4,2,1,0,0.604,63,11,0,1,0,0,0,37
José Caballero,26,SEA,37,26,26,3,0.663,90,74,0,17,0,4,0,280
Trey Cabbage*,26,LAA,5,7,1,1,0.553,49,17,1,0,0,1,0,56
Génesis Cabrera*,26,TOT,0,0,0,0,,,0,0,0,0,0,0,0
Génesis Cabrera*,26,STL,0,0,0,0,,,0,0,0,0,0,0,0
Conner Capel*,26,OAK,6,3,5,3,0.701,104,24,1,1,0,0,0,86
Vinny Capra,26,PIT,3,1,0,0,0.472,31,4,0,0,1,0,0,21
Willi Castro#,26,MIN,60,34,33,5,0.75,106,147,5,12,2,3,1,409
Dylan Coleman,26,KCR,0,0,0,0,,,0,0,0,0,0,0,0
Austin Cox*,26,KCR,0,0,0,0,,,0,0,0,0,0,0,0
Bryan De La Cruz,26,MIA,60,78,4,1,0.715,92,238,18,1,0,5,0,626
Rafael Devers*,26,BOS,90,100,5,1,0.851,126,290,15,11,0,3,10,656
Alexis Díaz,26,CIN,0,0,0,0,,,0,0,0,0,0,0,0
Brendan Donovan*,26,STL,48,34,5,1,0.787,115,138,4,9,1,1,2,371
Daniel Duarte,26,CIN,0,0,0,0,,,0,0,0,0,0,0,0
Jarren Duran*,26,BOS,46,40,24,2,0.828,121,160,3,3,0,2,1,362
Nate Eaton,26,KCR,2,1,3,0,0.2,-42,4,0,1,0,0,0,56
Caleb Ferguson,26,LAD,0,0,0,0,,,0,0,0,0,0,0,0
Nick Fortes,26,MIA,33,26,4,2,0.562,52,88,12,7,3,2,0,323
Logan Gillaspie,26,BAL,0,0,0,0,,,0,0,0,0,0,0,0
Romy Gonzalez,26,CHW,11,14,7,0,0.585,55,35,0,0,1,1,0,97
Trent Grisham*,26,SDP,67,50,15,3,0.666,87,165,7,5,4,1,0,555
Ke'Bryan Hayes,26,PIT,65,61,10,6,0.762,105,224,11,0,0,3,1,525
Jonathan Heasley,26,KCR,0,0,0,0,,,0,0,0,0,0,0,0
Carlos Hernández,26,KCR,0,0,0,0,,,0,0,0,0,0,0,0
José Herrera#,26,ARI,15,7,1,0,0.553,54,26,2,0,5,1,0,120
Bryan Hoeing,26,MIA,0,0,0,0,,,0,0,0,0,0,0,0
Nico Hoerner,26,CHC,98,68,43,7,0.729,97,237,12,14,1,5,0,688
TJ Hopkins,26,CIN,7,1,1,0,0.398,10,7,1,1,0,0,0,44
Jonathan India,26,CIN,78,61,14,2,0.746,100,185,13,16,0,7,0,529
Kyle Isbel*,26,KCR,45,34,7,1,0.662,80,111,5,1,1,2,0,313
Ryan Jeffers,26,MIN,46,43,3,2,0.858,134,140,6,10,4,2,1,335
Eloy Jiménez,26,CHW,50,64,0,0,0.758,104,201,13,1,0,2,2,489
Connor Kaiser,26,COL,0,0,0,0,0,-100,0,0,0,0,0,0,4
Trevor Larnach*,26,MIN,26,40,1,1,0.727,98,76,2,0,0,2,1,212
Nick Madrigal,26,CHC,34,28,10,2,0.663,79,95,3,9,5,0,0,294
Cade Marlowe*,26,SEA,14,11,4,2,0.75,111,37,1,0,0,0,0,100
Nick Maton*,26,DET,29,32,1,2,0.593,63,76,4,3,1,2,1,293
James McArthur,26,KCR,0,0,0,0,,,0,0,0,0,0,0,0
Ryan McKenna,26,BAL,23,18,5,0,0.677,91,44,4,3,3,2,0,139
Owen Miller,26,MIL,29,27,13,2,0.674,84,108,6,2,0,4,1,314
Andruw Monasterio,26,MIL,38,27,7,2,0.678,87,98,9,3,0,2,0,315
Coco Montes,26,COL,3,3,0,0,0.56,44,12,0,1,0,0,0,41
Jovani Morán*,26,MIN,0,0,0,0,,,0,0,0,0,0,0,0
Ryan Mountcastle,26,BAL,64,68,3,1,0.779,117,191,13,3,0,7,1,470
Josh Naylor*,26,CLE,52,97,10,3,0.842,133,221,11,3,0,7,9,495
Kyle Nelson*,26,ARI,0,0,0,0,,,0,0,0,0,0,0,0
Tyler Nevin,26,DET,11,10,0,1,0.622,72,30,1,3,0,1,0,111
James Outman*,26,LAD,86,70,16,3,0.79,112,211,4,12,0,4,1,567
Kevin Padlo,26,LAA,1,0,0,0,0.375,-2,2,1,0,0,0,0,8
Richie Palacios*,26,STL,9,16,2,0,0.823,120,48,1,1,1,1,0,102
Carlos Pérez,26,CHW,5,3,0,0,0.611,65,17,2,0,0,0,0,53
Blake Perkins#,26,MIL,28,20,5,2,0.675,86,50,3,0,2,0,0,168
René Pinto,26,TBR,10,16,0,0,0.723,97,47,2,0,0,0,0,105
Cal Raleigh#,26,SEA,78,75,0,0,0.762,112,234,6,1,0,1,1,569
Luis Rengifo#,26,LAA,55,51,6,4,0.783,111,175,3,6,0,4,0,445
Austin Riley,26,ATL,117,97,3,1,0.861,128,328,18,9,0,11,4,715
Alfonso Rivas*,26,TOT,8,15,1,0,0.725,97,46,1,3,1,1,0,123
Alfonso Rivas*,26,SDP,2,1,0,0,0.627,76,5,0,0,0,0,0,17
Alfonso Rivas*,26,PIT,6,14,1,0,0.741,100,41,1,3,1,1,0,106
Víctor Robles,26,WSN,15,8,8,1,0.75,110,39,3,4,4,0,0,126
Brendan Rodgers,26,COL,21,20,0,0,0.7,80,69,6,3,0,0,0,192
JoJo Romero*,26,STL,0,0,0,0,,,0,0,0,0,0,0,0
Blake Rutherford*,26,WSN,4,2,0,0,0.366,3,6,1,0,0,0,0,36
Tony Santillan,26,CIN,0,0,0,0,,,0,0,0,0,0,0,0
Kevin Smith,26,OAK,15,11,1,0,0.546,54,44,3,1,5,0,0,146
Tyler Stephenson,26,CIN,59,56,0,1,0.696,87,176,16,4,0,1,2,517
Cal Stevenson*,26,SFG,1,0,0,0,0.25,-21,0,0,0,0,0,0,12
Abraham Toro#,26,MIL,4,9,0,0,1.302,252,14,0,1,0,0,0,21
Gleyber Torres,26,NYY,90,68,13,6,0.8,118,270,19,3,0,6,0,672
Cole Tucker#,26,COL,2,2,0,0,1.1,190,4,0,1,0,0,0,10
Kyle Tucker*,26,HOU,97,112,30,5,0.886,142,297,11,3,0,10,9,674
Luis Urías,26,TOT,18,18,0,0,0.636,76,43,4,10,0,0,0,177
Luis Urías,26,MIL,5,5,0,0,0.535,50,13,1,5,0,0,0,68
Luis Urías,26,BOS,13,13,0,0,0.698,91,30,3,5,0,0,0,109
Daulton Varsho*,26,TOR,65,61,16,7,0.674,85,205,5,4,1,3,0,581
Terrin Vavra*,26,BAL,9,5,1,0,0.56,62,12,5,0,2,0,0,56
Matt Vierling,26,DET,63,44,6,6,0.717,96,186,8,5,1,1,1,530
David Villar,26,SFG,15,12,1,1,0.55,51,39,1,4,0,1,0,140
Meibrys Viloria*,26,CLE,0,0,0,0,0.25,-20,0,1,0,0,0,0,4
Taylor Walls#,26,TBR,50,36,22,1,0.638,79,101,1,1,1,0,0,349
Luke Williams,26,TOT,1,0,4,0,0.105,-71,1,0,0,0,0,0,19
Luke Williams,26,LAD,0,0,1,0,0.2,-46,1,0,0,0,0,0,10
Luke Williams,26,ATL,1,0,3,0,0,-100,0,0,0,0,0,0,9
Willy Adames,27,MIL,73,80,5,3,0.717,95,225,12,6,0,6,1,638
Riley Adams,27,WSN,8,21,0,0,0.807,120,68,5,2,1,1,0,158
José Azocar,27,SDP,16,9,8,2,0.641,78,33,2,2,5,0,0,102
Rylan Bannon,27,HOU,0,0,0,0,0,-100,0,0,0,0,0,0,6
Jake Bauers*,27,NYY,28,30,3,2,0.693,87,100,3,0,0,3,0,272
Mike Baumann,27,BAL,0,0,0,0,,,0,0,0,0,0,0,0
Cody Bellinger*,27,CHC,95,97,20,6,0.881,133,262,7,5,0,12,3,556
Sean Bouchard,27,COL,11,7,0,1,1.056,165,26,0,0,0,1,0,43
Jonah Bride,27,OAK,9,7,0,1,0.49,45,18,3,4,1,2,0,106
Jake Burger,27,TOT,71,80,1,1,0.828,120,255,4,12,0,4,0,540
Jake Burger,27,CHW,44,52,1,1,0.806,113,155,3,5,0,2,0,323
Jake Burger,27,MIA,27,28,0,0,0.86,130,100,1,7,0,2,0,217
Yu Chang,27,BOS,12,18,4,0,0.552,45,37,2,2,2,0,0,112
Michael Chavis,27,WSN,16,5,1,0,0.622,72,31,3,0,0,0,0,96
Kody Clemens*,27,PHI,15,13,0,0,0.644,75,51,1,1,0,0,0,148
Ernie Clement,27,TOR,7,10,1,0,0.885,144,25,0,0,0,1,0,52
Kutter Crawford,27,BOS,1,0,0,0,,,0,0,0,0,0,0,0
Tyler Cropley,27,KCR,0,1,0,0,0.31,-15,1,0,0,0,1,0,7
Isan Díaz*,27,TOT,0,1,0,0,0.157,-54,1,0,0,0,0,0,26
Isan Díaz*,27,SFG,0,1,0,0,0.195,-42,1,0,0,0,0,0,21
Isan Díaz*,27,DET,0,0,0,0,0,-100,0,0,0,0,0,0,5
Drew Ellis,27,PHI,4,4,0,1,0.858,134,11,0,0,0,0,0,29
Thairo Estrada,27,SFG,63,49,23,7,0.731,101,206,10,11,0,2,1,530
Stuart Fairchild,27,CIN,34,28,10,3,0.71,90,85,2,6,3,2,0,255
TJ Friedl*,27,CIN,73,66,27,6,0.819,118,228,0,10,8,3,1,556
David Fry,27,CLE,12,15,2,0,0.734,104,42,3,4,0,0,0,113
Stone Garrett,27,WSN,40,40,3,1,0.801,120,107,6,3,0,5,0,271
Victor González*,27,LAD,0,0,0,0,,,0,0,0,0,0,0,0
Nick Gordon*,27,MIN,13,7,0,0,0.503,35,29,1,0,1,0,0,93
Tristan Gray*,27,TBR,1,1,0,0,1.4,272,5,0,0,0,0,0,5
Dalton Guthrie,27,PHI,4,0,0,0,0.494,40,5,0,1,0,0,0,28
Darick Hall*,27,PHI,2,3,0,0,0.437,20,13,2,0,0,0,0,56
Adam Haseley*,27,CHW,6,2,1,0,0.56,54,10,1,0,0,0,0,39
Austin Hays,27,BAL,76,67,5,1,0.769,114,231,11,3,0,5,1,566
David Hensley,27,HOU,12,3,1,0,0.379,8,14,0,0,0,0,0,94
Derek Hill,27,WSN,3,1,1,0,0.411,16,9,0,0,0,0,0,50
Bryce Johnson#,27,SFG,7,3,3,0,0.485,35,11,0,0,0,1,0,48
Corey Julks,27,HOU,35,33,15,3,0.65,79,105,6,1,0,2,0,323
Ha-Seong Kim,27,SDP,84,60,38,9,0.749,110,214,7,3,5,5,1,626
Mark Kolozsvary,27,BAL,0,0,0,0,,,0,0,0,0,0,0,0
Alex Lange,27,DET,0,0,0,0,,,0,0,0,0,0,0,0
Kyle Lewis,27,ARI,2,2,0,0,0.459,25,13,0,0,0,0,0,54
Alejo López#,27,CIN,1,1,0,0,1.5,290,2,0,0,0,0,0,2
Nathaniel Lowe*,27,TEX,89,82,1,0,0.775,111,258,22,5,0,3,2,724
Bligh Madris*,27,HOU,4,0,0,0,0.459,31,5,0,0,0,0,0,30
J.P. Martínez*,27,TEX,7,4,0,0,0.575,55,13,0,0,0,2,0,44
Miles Mastrobuoni*,27,CHC,24,5,13,1,0.609,65,40,1,0,3,0,0,149
Francisco Mejía#,27,TBR,22,19,0,1,0.658,80,60,2,1,1,2,0,160
Jake Meyers,27,HOU,42,33,5,2,0.678,86,118,2,5,0,1,0,341
Dane Myers,27,MIA,9,9,1,1,0.644,74,24,1,0,0,1,0,70
Ryan Noda*,27,OAK,63,54,3,1,0.77,121,165,4,10,0,2,1,495
Edward Olivares,27,KCR,47,36,11,5,0.769,109,160,7,7,0,2,1,385
Joshua Palacios*,27,PIT,26,40,5,0,0.692,86,102,7,2,2,1,0,264
Cionel Pérez,27,BAL,0,0,0,0,,,0,0,0,0,0,0,0
Logan Porter,27,KCR,4,3,0,0,0.647,80,10,2,1,1,0,0,38
Franmil Reyes,27,KCR,5,7,0,0,0.519,42,17,3,0,0,2,0,65
Emmanuel Rivera,27,ARI,32,29,1,0,0.672,84,92,9,0,0,4,0,283
Amed Rosario,27,TOT,70,58,15,2,0.683,89,193,15,3,0,3,0,545
Amed Rosario,27,CLE,51,40,9,0,0.675,88,142,11,2,0,3,0,412
Amed Rosario,27,LAD,19,18,6,2,0.709,89,51,4,1,0,0,0,133
César Salazar*,27,HOU,1,0,0,0,0.269,-23,2,1,0,0,0,0,19
Chandler Seagle,27,SDP,0,0,0,0,0,-100,0,0,0,0,0,0,1
Gavin Sheets*,27,CHW,24,43,1,0,0.599,63,103,6,1,0,4,2,344
José Siri,27,TBR,58,56,12,3,0.761,106,167,5,2,1,3,0,364
Pavin Smith*,27,ARI,26,30,1,1,0.642,77,62,3,1,0,0,0,228
Edmundo Sosa,27,PHI,34,30,4,2,0.719,95,119,10,9,2,1,0,300
Michael Stefanic,27,LAA,5,6,0,1,0.735,103,22,0,1,0,0,0,71
Lane Thomas,27,WSN,101,86,20,5,0.783,114,294,5,11,0,7,0,682
Luis Torrens,27,TOT,1,4,0,0,0.657,79,10,0,1,0,0,0,30
Luis Torrens,27,CHC,1,3,0,0,0.618,68,6,0,1,0,0,0,22
Luis Torrens,27,SEA,0,1,0,0,0.75,105,4,0,0,0,0,0,8
Alan Trejo,27,COL,24,26,5,1,0.631,63,71,3,1,1,2,0,227
Alex Verdugo*,27,BOS,81,54,5,3,0.745,100,230,11,6,0,5,1,602
Alex Vesia*,27,LAD,0,0,0,0,,,0,0,0,0,0,0,0
Forrest Wall*,27,ATL,6,2,5,1,1.379,264,11,0,0,0,0,0,15
Garrett Whitlock,27,BOS,0,0,0,0,,,0,0,0,0,0,0,0
Connor Wong,27,BOS,55,36,8,2,0.673,80,143,4,6,3,1,0,403
Jared Young*,27,CHC,8,8,2,0,0.72,88,20,1,1,0,0,0,47
Pete Alonso,28,NYM,92,118,4,1,0.821,122,286,17,21,0,4,6,658
Miguel Andújar,28,PIT,9,18,2,0,0.776,108,40,1,0,0,0,0,90
Orlando Arcia,28,ATL,66,65,1,0,0.741,98,205,14,3,0,3,0,533
Randy Arozarena,28,TBR,95,83,22,10,0.789,120,234,10,18,0,5,1,654
Christian Arroyo,28,BOS,23,24,1,3,0.638,70,72,8,1,1,2,0,206
Bryan Baker,28,BAL,0,0,0,0,,,0,0,0,0,0,0,0
Tres Barrera,28,STL,0,0,0,0,0,-100,0,0,0,0,0,0,2
Matthew Batten,28,SDP,19,11,2,2,0.713,101,43,0,1,1,0,0,139
Andrew Benintendi*,28,CHW,72,45,13,2,0.682,87,200,12,3,1,3,5,621
Cavan Biggio*,28,TOR,54,40,5,2,0.71,98,107,0,7,0,2,0,338
Willie Calhoun*,28,NYY,16,16,0,0,0.712,94,54,2,0,0,1,1,149
Alex Call,28,WSN,43,38,9,8,0.614,72,115,1,6,3,2,0,439
Miguel Castro,28,ARI,0,0,0,0,,,0,0,0,0,0,0,0
Zack Collins*,28,CLE,0,0,0,0,1.167,236,2,0,0,0,0,0,6
Franchy Cordero*,28,NYY,9,13,0,0,0.69,81,33,0,0,0,0,0,71
Carlos Correa,28,MIN,60,65,0,0,0.711,94,205,30,4,0,3,3,580
J.P. Crawford*,28,SEA,94,65,2,0,0.818,131,234,7,5,3,2,1,638
Bobby Dalbec,28,BOS,6,1,1,0,0.57,54,15,0,0,0,0,0,53
Jason Delay,28,PIT,20,18,0,0,0.666,83,58,5,3,2,1,0,187
Mauricio Dubón,28,HOU,76,46,7,2,0.72,97,192,10,3,0,3,0,492
Tommy Edman#,28,STL,69,47,27,4,0.705,91,191,9,7,3,4,1,528
Santiago Espinal,28,TOR,30,25,2,1,0.644,80,77,5,3,2,1,1,254
Freddy Fermin,28,KCR,26,32,0,0,0.781,112,100,11,1,1,3,0,235
Jake Fraley*,28,CIN,41,65,21,5,0.783,109,149,5,6,0,1,2,380
Ty France,28,SEA,79,58,1,0,0.703,99,215,25,34,0,1,0,665
Clint Frazier,28,CHW,10,3,4,2,0.545,52,16,0,0,0,0,0,76
Luis Guillorme*,28,NYM,12,9,0,0,0.615,70,35,4,0,2,1,1,120
Caleb Hamilton,28,BOS,0,0,0,0,0.167,-49,0,0,0,0,0,0,6
Garrett Hampson,28,MIA,30,23,5,0,0.729,98,84,3,3,3,2,0,252
Ian Happ#,28,CHC,86,84,14,3,0.791,112,250,12,6,0,6,2,691
Taylor Hearn*,28,TOT,0,0,0,0,,,0,0,0,0,0,0,0
Taylor Hearn*,28,TOT,0,0,0,0,,,0,0,0,0,0,0,0
Taylor Hearn*,28,TEX,0,0,0,0,,,0,0,0,0,0,0,0
Jonah Heim#,28,TEX,61,95,2,0,0.755,103,200,10,1,0,3,2,501
Ryan Helsley,28,STL,0,0,0,0,,,0,0,0,0,0,0,0
Cooper Hummel#,28,SEA,2,0,1,0,0.323,-6,3,1,1,0,0,0,26
Danny Jansen,28,TOR,38,53,0,0,0.786,115,127,3,10,0,0,1,301
Joe Jiménez,28,ATL,0,0,0,0,,,0,0,0,0,0,0,0
Anthony Kay*,28,TOT,0,0,0,0,,,0,0,0,0,0,0,0
Anthony Kay*,28,CHC,0,0,0,0,,,0,0,0,0,0,0,0
Carson Kelly,28,TOT,13,13,1,0,0.565,56,39,2,0,0,1,0,151
Carson Kelly,28,ARI,6,6,1,0,0.58,60,25,2,0,0,1,0,92
Carson Kelly,28,DET,7,7,0,0,0.54,50,14,0,0,0,0,0,59
Isiah Kiner-Falefa,28,NYY,39,37,14,5,0.646,78,111,12,3,1,3,0,361
John King*,28,TOT,0,0,0,0,,,0,0,0,0,0,0,0
John King*,28,TEX,0,0,0,0,,,0,0,0,0,0,0,0
Andrew Knizner,28,STL,30,31,2,0,0.712,92,95,8,3,1,1,0,241
Taylor Kohlwey*,28,SDP,0,0,0,0,0.308,-13,2,0,0,0,0,0,13
Ramón Laureano,28,TOT,46,35,12,1,0.676,91,134,9,9,0,1,0,404
Ramón Laureano,28,OAK,24,21,8,0,0.645,83,82,5,4,0,0,0,246
Ramón Laureano,28,CLE,22,14,4,1,0.724,103,52,4,5,0,1,0,158
Justin Lawrence,28,COL,0,0,0,0,,,0,0,0,0,0,0,0
Josh Lester*,28,BAL,0,4,0,0,0.399,15,4,1,0,0,0,0,23
Irving Lopez*,28,STL,0,1,0,0,0,-100,0,0,0,0,1,0,12
Nicky Lopez*,28,TOT,32,25,6,2,0.632,75,69,3,6,4,1,0,262
Nicky Lopez*,28,KCR,19,13,4,2,0.604,69,45,3,5,4,0,0,190
Nicky Lopez*,28,ATL,13,12,2,0,0.703,89,24,0,1,0,1,0,72
Brandon Lowe*,28,TBR,58,68,7,0,0.771,113,167,8,6,0,3,0,436
Nathan Lukes*,28,TOR,4,2,0,0,0.598,67,8,1,0,0,1,0,31
Manuel Margot,28,TBR,39,38,9,3,0.686,91,117,6,4,0,3,0,336
Seth Martinez,28,HOU,0,0,0,0,,,0,0,0,0,0,0,0
Jorge Mateo,28,BAL,58,34,32,5,0.607,70,108,8,1,5,3,0,350
Mark Mathias,28,TOT,6,6,3,0,0.591,66,16,4,0,0,0,0,72
Mark Mathias,28,PIT,5,4,3,0,0.624,75,14,3,0,0,0,0,62
Mark Mathias,28,SFG,1,2,0,0,0.4,12,2,1,0,0,0,0,10
Chas McCormick,28,HOU,59,70,19,6,0.842,130,197,3,11,1,2,0,457
Mason McCoy,28,TOR,2,0,0,0,0,-100,0,0,0,0,0,0,1
Reese McGuire*,28,BOS,15,16,2,1,0.668,80,67,2,1,2,1,0,206
Billy McKinney*,28,NYY,19,14,1,0,0.726,98,52,1,1,0,1,1,147
Zach McKinstry*,28,DET,60,35,16,6,0.654,79,163,3,5,2,3,0,518
Ryan McMahon*,28,COL,80,70,5,5,0.753,93,239,19,1,0,3,2,627
Austin Meadows*,28,DET,0,2,0,0,0.524,43,6,0,0,0,0,0,21
Óscar Mercado,28,STL,3,5,2,1,0.7,90,12,0,0,0,0,0,32
Yoán Moncada#,28,CHW,39,40,1,0,0.73,97,142,6,2,0,1,0,357
Cedric Mullins*,28,BAL,51,74,19,3,0.721,101,168,6,1,3,4,1,455
Sean Murphy,28,ATL,65,68,0,0,0.844,125,177,18,18,0,1,0,438
Tyler O'Neill,28,STL,27,21,5,0,0.715,94,96,5,0,0,0,0,266
Shohei Ohtani*,28,LAA,102,95,20,6,1.066,184,325,9,3,0,3,21,599
Chris Okey,28,LAA,0,0,0,0,0,-100,0,0,0,0,0,0,2
Luke Raley*,28,TBR,56,49,14,3,0.824,126,175,2,18,1,2,0,406
Harold Ramírez,28,TBR,58,68,5,3,0.813,125,184,7,6,0,6,0,434
Bryan Reynolds#,28,PIT,85,84,12,1,0.79,113,264,13,7,0,6,2,640
Jake Rogers,28,DET,47,49,1,1,0.73,96,147,6,3,1,2,0,365
Brent Rooker,28,OAK,61,69,4,0,0.817,130,226,11,10,0,4,1,526
José Ruiz,28,TOT,0,0,0,0,,,0,0,0,0,0,0,0
José Ruiz,28,ARI,0,0,0,0,,,0,0,0,0,0,0,0
Anthony Santander#,28,BAL,81,95,5,1,0.797,121,279,11,6,0,4,1,656
Nick Senzel,28,CIN,49,42,6,2,0.696,85,120,9,1,0,2,0,330
Brian Serven,28,COL,0,1,0,0,0.304,-22,4,0,0,0,0,0,23
Zack Short,28,DET,17,33,5,0,0.631,73,75,3,0,3,1,0,253
Dominic Smith*,28,WSN,57,46,1,1,0.692,92,193,12,10,0,2,1,586
Will Smith,28,LAD,80,76,3,0,0.797,114,203,8,15,0,12,2,554
Nick Solak,28,TOT,1,0,0,0,,,0,0,0,0,0,0,0
Nick Solak,28,ATL,1,0,0,0,,,0,0,0,0,0,0,0
Nick Solak,28,DET,0,0,0,0,,,0,0,0,0,0,0,0
Myles Straw,28,CLE,52,29,20,6,0.597,69,137,10,2,6,6,0,518
Seiya Suzuki,28,CHC,75,74,6,7,0.842,124,250,8,2,0,7,3,583
Rowdy Tellez*,28,MIL,26,47,0,0,0.667,82,117,11,0,0,5,2,351
Matt Thaiss*,28,LAA,32,31,2,0,0.659,80,89,4,6,0,3,1,307
Cody Thomas*,28,OAK,1,2,0,0,0.685,95,16,1,0,0,0,0,46
Chadwick Tromp,28,ATL,1,1,0,0,0.313,-17,3,0,0,0,0,0,16
Andrew Velazquez,28,LAA,12,3,13,3,0.548,50,23,1,0,3,0,0,94
Will Vest,28,DET,0,0,0,0,,,0,0,0,0,0,0,0
Tyler Wade*,28,OAK,8,2,4,0,0.623,80,16,0,0,0,0,0,55
Weston Wilson,28,PHI,5,2,3,1,1,177,8,0,0,0,0,0,22
Harrison Bader,29,TOT,44,40,20,3,0.622,69,111,7,3,1,4,0,344
Harrison Bader,29,NYY,40,37,17,2,0.643,75,105,6,3,1,4,0,310
Harrison Bader,29,CIN,4,3,3,1,0.429,18,6,1,0,0,0,0,34
José Berríos,29,TOR,0,0,0,0,,,0,0,0,0,0,0,0
Alex Bregman,29,HOU,103,98,3,1,0.804,122,274,22,8,0,2,1,724
Mike Brosseau,29,MIL,4,8,0,0,0.654,76,29,2,1,0,0,0,78
Aaron Bummer*,29,CHW,0,0,0,0,,,0,0,0,0,0,0,0
Byron Buxton,29,MIN,49,42,9,0,0.731,98,133,3,4,0,4,2,347
Johan Camargo#,29,SFG,0,2,0,0,0.522,49,4,2,1,0,0,0,20
Jeimer Candelario#,29,TOT,77,70,8,1,0.807,119,238,11,13,0,4,1,576
Jeimer Candelario#,29,WSN,57,53,6,1,0.823,125,177,10,12,0,2,1,419
Jeimer Candelario#,29,CHC,20,17,2,0,0.764,103,61,1,1,0,2,0,157
Yennier Cano,29,BAL,0,0,0,0,,,0,0,0,0,0,0,0
Víctor Caratini#,29,MIL,23,25,1,1,0.711,95,77,8,3,0,3,0,226
Harold Castro*,29,COL,24,31,1,0,0.589,52,81,5,0,1,2,0,270
Jake Cronenworth*,29,SDP,54,48,6,1,0.689,92,173,8,11,1,5,2,522
David Dahl*,29,SDP,1,1,0,0,0.556,45,4,0,0,0,0,0,9
Yonathan Daza,29,COL,8,7,1,0,0.655,69,26,5,1,1,1,0,80
Paul DeJong,29,TOT,40,37,4,4,0.674,82,129,9,5,0,2,0,356
Paul DeJong,29,TOT,41,38,4,4,0.612,66,132,10,5,0,2,0,400
Paul DeJong,29,STL,38,32,4,4,0.71,92,115,8,5,0,1,0,306
Paul DeJong,29,TOR,1,1,0,0,0.136,-62,3,1,0,0,0,0,44
Paul DeJong,29,SFG,2,5,0,0,0.466,26,14,1,0,0,1,0,50
David Fletcher,29,LAA,7,12,0,0,0.628,72,29,2,0,1,0,1,97
Shintaro Fujinami,29,TOT,0,0,0,0,,,0,0,0,0,0,0,0
Shintaro Fujinami,29,BAL,0,0,0,0,,,0,0,0,0,0,0,0
Joey Gallo*,29,MIN,39,40,1,1,0.741,101,124,3,2,0,0,1,332
Ian Gibaut,29,CIN,0,0,0,0,,,0,0,0,0,0,0,0
Kevin Ginkel*,29,ARI,0,0,0,0,,,0,0,0,0,0,0,0
Lourdes Gurriel Jr.,29,ARI,65,82,5,0,0.772,108,255,20,6,0,2,1,592
Josh Hader*,29,SDP,0,0,0,0,,,0,0,0,0,0,0,0
Sam Haggerty#,29,SEA,13,5,10,1,0.705,102,31,0,1,1,0,0,108
Sam Hilliard*,29,ATL,15,6,4,0,0.725,92,31,1,0,0,0,0,78
Francisco Lindor#,29,NYM,108,98,31,4,0.806,120,283,8,12,0,7,1,687
Jordan Luplow,29,TOT,11,5,2,0,0.647,80,25,1,1,0,0,1,90
Jordan Luplow,29,TOR,1,1,0,0,0.567,64,3,0,0,0,0,1,17
Jordan Luplow,29,MIN,10,4,2,0,0.664,83,22,1,1,0,0,0,73
Ketel Marte#,29,ARI,94,82,8,2,0.844,128,276,16,5,0,5,2,650
Danny Mendick,29,NYM,4,4,1,0,0.509,40,18,1,0,0,0,0,69
Penn Murfee,29,SEA,0,0,0,0,,,0,0,0,0,0,0,0
Kevin Newman,29,CIN,28,28,8,1,0.675,81,82,7,4,2,5,0,253
Tomás Nido,29,NYM,5,1,0,0,0.278,-22,7,2,0,2,1,0,61
Ryan O'Hearn*,29,BAL,48,60,5,1,0.801,122,166,2,3,1,3,2,368
Brian O'Keefe,29,SEA,0,2,0,0,0.401,14,4,2,0,0,0,0,21
Rougned Odor*,29,SDP,21,18,2,1,0.654,83,49,2,2,0,0,0,157
Matt Olson*,29,ATL,127,139,1,0,0.993,162,367,13,4,0,4,8,720
Brett Phillips*,29,LAA,9,6,3,1,0.601,63,21,0,0,0,0,0,71
Jorge Polanco#,29,MIN,38,48,4,0,0.789,115,137,2,2,0,3,0,343
Zach Remillard,29,CHW,16,18,4,3,0.615,69,47,3,1,4,0,1,160
Pablo Reyes,29,BOS,27,20,7,2,0.716,94,63,3,0,2,2,0,185
Edwin Ríos*,29,CHC,3,2,0,0,0.45,23,6,0,1,0,0,0,34
Josh Rojas*,29,TOT,47,40,12,0,0.641,78,106,3,1,2,4,0,350
Josh Rojas*,29,ARI,23,26,6,0,0.589,62,56,2,1,2,4,0,216
Josh Rojas*,29,SEA,24,14,6,0,0.721,103,50,1,0,0,0,0,134
Michael Rucker,29,CHC,0,0,0,0,,,0,0,0,0,0,0,0
Josh Sborz,29,TEX,0,0,0,0,0,-100,0,0,0,0,0,0,1
John Schreiber,29,BOS,0,0,0,0,,,0,0,0,0,0,0,0
Corey Seager*,29,TEX,88,96,2,1,1.013,170,297,9,4,0,6,9,536
Lucas Sims,29,CIN,0,0,0,0,,,0,0,0,0,0,0,0
Andrew Stevenson*,29,MIN,4,1,4,1,0.466,31,8,0,1,0,0,0,40
DJ Stewart*,29,NYM,21,26,1,1,0.84,128,81,3,7,1,1,0,185
Brett Sullivan*,29,SDP,7,6,0,0,0.528,48,23,1,0,0,1,0,86
Dansby Swanson,29,CHC,81,80,9,1,0.744,99,235,9,5,0,2,0,638
Raimel Tapia*,29,TOT,18,10,8,1,0.71,93,35,1,0,0,0,0,108
Raimel Tapia*,29,TOT,28,13,10,2,0.655,79,50,2,1,1,1,0,169
Raimel Tapia*,29,BOS,14,10,6,1,0.701,90,32,1,0,0,0,0,97
Raimel Tapia*,29,MIL,10,3,2,1,0.555,53,15,1,1,1,1,0,61
Raimel Tapia*,29,TBR,4,0,2,0,0.788,126,3,0,0,0,0,0,11
Tyrone Taylor,29,MIL,36,35,9,0,0.713,91,103,10,3,0,1,0,243
Ramón Urías,29,BAL,45,42,3,1,0.703,98,135,10,8,0,1,0,396
Jason Vosler*,29,CIN,6,10,0,0,0.571,49,23,0,0,0,0,0,65
LaMonte Wade Jr.*,29,SFG,64,45,2,0,0.79,119,179,4,6,4,4,3,519
Jared Walsh*,29,LAA,10,11,0,0,0.494,33,29,1,1,0,0,0,116
Taylor Ward,29,LAA,60,47,4,2,0.756,105,150,9,8,0,6,0,409
Eli White,29,ATL,1,0,0,0,0.307,-11,1,0,1,0,0,0,17
Jesse Winker*,29,MIL,16,23,0,0,0.567,60,41,0,4,0,1,0,197
Masataka Yoshida*,29,BOS,71,72,8,0,0.783,109,239,20,7,0,2,0,580
Alex Young*,29,CIN,0,0,0,0,,,0,0,0,0,0,0,0
Seby Zavala,29,TOT,17,18,1,0,0.545,47,55,4,2,2,2,0,193
Seby Zavala,29,CHW,15,16,1,0,0.511,37,49,4,1,2,2,0,176
Seby Zavala,29,ARI,2,2,0,0,0.899,149,6,0,1,0,0,0,17
Hanser Alberto,30,CHW,11,16,0,0,0.652,75,32,1,1,2,1,0,90
Jorge Alfaro,30,TOT,2,4,0,0,0.503,31,14,3,2,0,0,0,52
Jorge Alfaro,30,COL,2,4,0,0,0.575,43,12,2,1,0,0,0,32
Jorge Alfaro,30,BOS,0,0,0,0,0.368,5,2,1,1,0,0,0,20
Greg Allen#,30,NYY,6,1,3,1,0.812,119,11,0,2,1,0,0,28
Brian Anderson,30,MIL,38,40,1,3,0.678,86,117,10,4,0,3,0,361
Tim Anderson,30,CHW,52,25,13,2,0.582,60,146,15,3,0,2,0,524
Javier Báez,30,DET,58,59,12,0,0.593,62,166,12,9,0,3,0,547
Scott Barlow,30,TOT,0,0,0,0,,,0,0,0,0,0,0,0
Scott Barlow,30,KCR,0,0,0,0,,,0,0,0,0,0,0,0
Matt Beaty*,30,TOT,8,4,0,0,0.642,80,18,1,5,0,0,0,72
Matt Beaty*,30,SFG,1,1,0,0,0.4,12,1,0,0,0,0,0,5
Matt Beaty*,30,KCR,7,3,0,0,0.662,86,17,1,5,0,0,0,67
Josh Bell#,30,TOT,52,74,0,1,0.744,104,229,13,2,0,3,2,617
Josh Bell#,30,CLE,26,48,0,1,0.701,96,133,7,1,0,2,1,393
Josh Bell#,30,MIA,26,26,0,0,0.818,119,96,6,1,0,1,1,224
Mookie Betts,30,LAD,126,107,14,3,0.987,163,338,5,8,0,5,3,693
Dairon Blanco,30,KCR,19,18,24,5,0.775,111,56,2,2,2,0,0,138
Xander Bogaerts,30,SDP,83,58,19,2,0.79,120,262,21,7,0,6,0,665
Seth Brown*,30,OAK,33,52,3,1,0.692,96,139,6,2,1,2,1,378
Jake Cave*,30,PHI,18,21,3,0,0.62,69,64,3,1,1,2,0,203
Matt Chapman,30,TOR,66,54,4,2,0.755,108,216,4,8,0,2,1,581
Taylor Clarke,30,KCR,0,0,0,0,,,0,0,0,0,0,0,0
Michael Conforto*,30,SFG,58,58,4,0,0.718,99,156,12,7,0,4,4,470
J.D. Davis,30,SFG,61,69,1,0,0.738,103,198,16,6,0,6,0,546
Brandon Drury,30,LAA,61,83,0,2,0.803,114,241,14,8,0,5,0,523
Mike Ford*,30,SEA,32,34,0,0,0.798,122,104,4,7,0,1,0,251
Michael Fulmer,30,CHC,0,0,0,0,0,-100,0,0,0,0,0,0,1
Cam Gallagher,30,CLE,6,7,0,0,0.322,-9,24,3,1,0,1,0,149
Adolis García,30,TEX,108,107,9,1,0.836,123,282,12,6,0,6,0,632
Eric Haase,30,TOT,22,26,4,1,0.528,45,77,11,0,1,1,1,293
Eric Haase,30,DET,22,26,3,1,0.53,45,75,10,0,1,1,1,282
Eric Haase,30,CLE,0,0,1,0,0.473,36,2,1,0,0,0,0,11
Bryce Harper*,30,PHI,84,72,11,3,0.9,146,228,10,5,0,4,8,546
Austin Hedges,30,TOT,14,16,1,0,0.461,27,42,7,2,10,3,0,212
Austin Hedges,30,PIT,13,14,1,0,0.467,29,37,7,2,9,3,0,187
Austin Hedges,30,TEX,1,2,0,0,0.417,14,5,0,0,1,0,0,25
Teoscar Hernández,30,SEA,70,93,7,2,0.741,106,272,6,8,0,7,2,678
Andy Ibáñez,30,DET,42,41,1,0,0.744,102,154,7,1,1,1,0,383
Connor Joe,30,PIT,63,42,3,5,0.76,107,174,4,8,0,1,0,472
Jakob Junis,30,SFG,0,0,0,0,,,0,0,0,0,0,0,0
Max Kepler*,30,MIN,72,66,1,1,0.816,121,212,9,4,0,4,0,491
Tim Locastro,30,NYM,13,3,6,0,0.731,102,22,0,6,2,0,0,67
Manny Machado,30,SDP,75,91,3,2,0.782,115,251,20,2,0,6,1,601
Phil Maton,30,HOU,0,0,0,0,,,0,0,0,0,0,0,0
Dylan Moore,30,SEA,18,19,7,3,0.731,104,62,1,4,0,0,0,165
James Naile,30,STL,0,0,0,0,,,0,0,0,0,0,0,0
Brandon Nimmo*,30,NYM,89,68,3,3,0.829,127,276,6,11,1,4,0,682
Michael Pérez*,30,NYM,1,0,0,0,1.125,209,5,0,0,0,0,0,8
Nick Pivetta,30,BOS,0,0,0,0,,,0,0,0,0,0,0,0
Jurickson Profar#,30,TOT,55,46,1,0,0.689,80,169,11,6,0,5,0,521
Jurickson Profar#,30,COL,51,39,1,0,0.68,76,151,9,6,0,5,0,472
Jurickson Profar#,30,SDP,4,7,0,0,0.776,117,18,2,0,0,0,0,49
Juniel Querecuto#,30,STL,2,0,0,0,0.293,-19,3,0,0,0,0,0,21
José Ramírez#,30,CLE,87,80,28,6,0.831,131,290,8,1,0,6,22,691
Jordan Romano,30,TOR,0,0,0,0,,,0,0,0,0,0,0,0
Gary Sánchez,30,TOT,33,47,0,0,0.78,113,118,3,4,0,2,0,267
Gary Sánchez,30,NYM,0,1,0,0,0.31,-15,1,0,0,0,1,0,7
Gary Sánchez,30,SDP,33,46,0,0,0.792,116,117,3,4,0,1,0,260
Tayler Saucedo*,30,SEA,0,0,0,0,,,0,0,0,0,0,0,0
Kyle Schwarber*,30,PHI,108,104,0,2,0.817,122,277,4,6,0,3,5,720
Austin Slater,30,SFG,24,20,2,2,0.748,107,74,2,2,0,0,0,207
Trevor Story,30,BOS,12,14,10,3,0.566,52,50,2,1,0,0,0,168
Garrett Stubbs*,30,PHI,15,12,2,0,0.557,54,32,0,2,1,0,0,125
Jose Trevino,30,NYY,15,15,0,0,0.57,56,49,6,2,1,0,0,168
Trea Turner,30,PHI,102,76,30,0,0.778,111,293,12,6,0,1,2,691
Daniel Vogelbach*,30,NYM,33,48,0,0,0.742,104,111,6,2,0,0,1,319
Christian Bethancourt,31,TBR,49,33,1,0,0.635,74,120,6,0,1,3,0,332
Kris Bryant,31,COL,36,31,0,0,0.68,76,110,6,6,0,0,0,335
Nick Castellanos,31,PHI,79,106,11,2,0.788,112,298,17,3,0,6,0,671
Willson Contreras,31,STL,55,67,6,3,0.826,124,200,12,13,1,2,0,495
Jonathan Davis,31,MIA,22,10,1,2,0.685,85,34,1,2,2,2,0,104
Yandy Díaz,31,TBR,95,78,0,1,0.932,158,274,16,8,0,2,0,600
Brandon Dixon,31,SDP,10,9,1,0,0.573,59,26,1,4,0,2,0,86
Hunter Dozier,31,KCR,8,9,2,0,0.558,53,25,0,0,0,1,0,91
Adam Engel,31,SDP,0,0,0,1,0,-100,0,0,0,0,0,0,6
Wilmer Flores,31,SFG,51,60,0,0,0.863,136,206,13,5,0,3,1,454
Adam Frazier*,31,BAL,59,60,11,4,0.696,94,163,4,4,4,2,0,455
Ben Gamel*,31,SDP,2,2,0,0,0.467,29,4,0,0,0,0,0,15
Kyle Garlick,31,MIN,2,4,0,0,0.662,77,12,0,0,0,0,0,30
Jon Gray,31,TEX,0,0,0,0,,,0,0,0,0,0,0,0
Randal Grichuk,31,TOT,65,44,2,2,0.779,103,199,11,6,0,2,2,471
Randal Grichuk,31,COL,40,27,2,2,0.861,120,119,6,4,0,1,2,263
Randal Grichuk,31,LAA,25,17,0,0,0.677,80,80,5,2,0,1,0,208
Enrique Hernández,31,TOT,57,61,4,1,0.646,74,166,17,3,0,6,1,508
Enrique Hernández,31,BOS,38,31,3,1,0.599,62,95,11,2,0,2,0,323
Enrique Hernández,31,LAD,19,30,1,0,0.731,95,71,6,1,0,4,1,185
Aaron Judge,31,NYY,79,75,3,1,1.019,175,225,5,0,0,3,9,458
Tony Kemp*,31,OAK,42,27,15,4,0.607,76,109,9,6,7,3,0,419
Trey Mancini,31,CHC,31,28,0,0,0.635,71,79,5,2,0,3,1,263
Tim Mayza*,31,TOR,0,0,0,0,,,0,0,0,0,0,0,0
Jeff McNeil*,31,NYM,75,55,10,0,0.711,96,221,5,18,3,3,0,648
Joey Meneses,31,WSN,71,89,0,0,0.722,99,245,15,5,0,3,0,657
Julian Merryweather,31,CHC,0,0,0,0,,,0,0,0,0,0,0,0
Omar Narváez*,31,NYM,12,7,0,0,0.58,61,38,1,0,1,3,0,146
Chris Owings,31,PIT,0,0,0,0,0.32,-12,4,1,0,0,0,0,25
Joc Pederson*,31,SFG,59,51,0,0,0.764,111,149,12,7,0,3,6,425
Henry Ramos#,31,CIN,9,5,2,1,0.66,80,23,2,1,0,0,0,86
Hunter Renfroe,31,TOT,60,60,0,0,0.713,91,207,15,3,0,3,0,548
Hunter Renfroe,31,LAA,56,56,0,0,0.737,98,199,15,3,0,3,0,504
Hunter Renfroe,31,CIN,4,4,0,0,0.432,18,8,0,0,0,0,0,44
Eddie Rosario*,31,ATL,64,74,3,4,0.755,100,215,13,1,1,2,1,516
Jonathan Schoop,31,DET,15,7,0,0,0.55,53,37,6,0,0,2,0,151
Tayler Scott,31,TOT,0,0,0,0,,,0,0,0,0,0,0,0
Tayler Scott,31,TOT,0,0,0,0,,,0,0,0,0,0,0,0
Tayler Scott,31,LAD,0,0,0,0,,,0,0,0,0,0,0,0
Tayler Scott,31,BOS,0,0,0,0,,,0,0,0,0,0,0,0
Jon Singleton*,31,TOT,11,12,0,0,0.53,48,24,2,0,0,1,0,105
Jon Singleton*,31,MIL,3,2,0,0,0.325,-8,4,0,0,0,0,0,32
Jon Singleton*,31,HOU,8,10,0,0,0.624,73,20,2,0,0,1,0,73
Jorge Soler,31,MIA,77,75,1,0,0.853,128,258,20,6,0,4,4,580
Ryne Stanek,31,HOU,0,0,0,0,,,0,0,0,0,0,0,0
Eugenio Suárez,31,SEA,68,96,2,1,0.714,101,234,10,15,0,11,0,694
Domingo Tapia,31,SDP,0,0,0,0,,,0,0,0,0,0,0,0
Mike Trout,31,LAA,54,44,2,0,0.858,131,151,4,7,0,2,2,362
Gio Urshela,31,LAA,22,24,3,2,0.703,91,80,9,1,0,3,0,228
Ildemaro Vargas#,31,WSN,32,31,1,1,0.666,84,95,10,1,3,1,0,286
Chad Wallach,31,LAA,18,15,0,1,0.635,70,59,5,0,2,0,0,172
Patrick Wisdom,31,CHC,43,46,4,2,0.789,107,134,4,2,1,1,0,302
Ryan Yarbrough,31,TOT,0,0,0,0,,,0,0,0,0,0,0,0
Ryan Yarbrough,31,LAD,0,0,0,0,,,0,0,0,0,0,0,0
Christian Yelich*,31,MIL,106,76,28,3,0.818,124,246,15,3,0,1,7,632
Nolan Arenado,32,STL,71,93,3,3,0.774,109,257,21,3,0,8,5,612
Tucker Barnhart*,32,CHC,6,9,1,0,0.541,48,28,4,1,0,1,0,123
Ji Man Choi*,32,TOT,12,13,0,0,0.624,68,40,2,1,0,2,0,117
Ji Man Choi*,32,PIT,9,11,0,0,0.731,92,37,1,0,0,1,0,76
Ji Man Choi*,32,SDP,3,2,0,0,0.365,9,3,1,1,0,1,0,41
Garrett Cooper,32,TOT,42,61,0,0,0.724,96,177,15,2,0,2,0,457
Garrett Cooper,32,MIA,28,46,0,0,0.723,93,130,9,1,0,1,0,324
Garrett Cooper,32,SDP,14,15,0,0,0.725,102,47,6,1,0,1,0,133
Aledmys Díaz,32,OAK,25,24,1,0,0.616,76,106,14,7,1,4,2,344
Elías Díaz,32,COL,48,72,1,0,0.725,86,199,12,2,0,4,0,526
Matt Duffy,32,KCR,17,16,1,0,0.631,75,62,4,4,0,2,0,209
Buck Farmer*,32,CIN,0,0,0,0,,,0,0,0,0,0,0,0
Kyle Farmer,32,MIN,49,46,2,4,0.725,98,137,7,8,0,2,0,369
Avisaíl García,32,MIA,8,12,2,0,0.556,50,34,1,2,0,0,1,118
Mitch Garver,32,TEX,45,50,0,0,0.87,134,148,6,3,0,0,1,344
Kendall Graveman,32,TOT,0,0,0,0,,,0,0,0,0,0,0,0
Kendall Graveman,32,HOU,0,0,0,0,,,0,0,0,0,0,0,0
Billy Hamilton,32,CHW,2,0,2,0,0,-100,0,0,0,0,0,0,2
Mitch Haniger,32,SFG,27,28,1,0,0.631,73,77,7,2,0,1,0,229
Tyler Heineman#,32,TOT,5,3,1,0,0.699,98,12,0,1,0,0,0,47
Tyler Heineman#,32,PIT,1,0,1,0,0.311,-11,1,0,0,0,0,0,10
Tyler Heineman#,32,TOR,4,3,0,0,0.812,129,11,0,1,0,0,0,37
Travis Jankowski*,32,TEX,34,30,19,1,0.689,90,82,6,2,1,2,0,287
Pierce Johnson,32,TOT,0,0,0,0,,,0,0,0,0,0,0,0
Pierce Johnson,32,COL,0,0,0,0,,,0,0,0,0,0,0,0
Jake Lamb*,32,LAA,7,5,0,0,0.612,65,18,1,0,0,0,0,54
Derek Law,32,CIN,0,0,0,0,,,0,0,0,0,0,0,0
Mark Leiter Jr.,32,CHC,0,0,0,0,,,0,0,0,0,0,0,0
Luke Maile,32,CIN,17,25,2,1,0.699,87,70,8,5,1,0,0,199
Jake Marisnick,32,TOT,10,10,2,2,0.672,81,29,4,1,1,1,0,77
Jake Marisnick,32,TOT,10,10,2,3,0.688,86,31,4,2,1,1,0,83
Jake Marisnick,32,CHW,1,0,0,0,0,-100,0,0,0,0,0,0,2
Jake Marisnick,32,DET,9,10,2,2,0.691,86,29,4,1,1,1,0,75
Jake Marisnick,32,LAD,0,0,0,1,0.9,149,2,0,1,0,0,0,6
Shelby Miller,32,LAD,0,0,0,0,0,-100,0,0,0,0,0,0,1
Rafael Montero,32,HOU,0,0,0,0,,,0,0,0,0,0,0,0
Max Muncy*,32,LAD,95,105,1,2,0.808,115,229,8,6,0,6,4,579
Tom Murphy,32,SEA,19,17,0,0,0.873,142,78,4,1,0,2,0,159
Wil Myers,32,CIN,11,12,2,1,0.541,46,36,3,0,1,1,0,141
Tyler Naquin*,32,CHW,0,0,0,0,0,-100,0,0,0,0,0,0,8
Rafael Ortega*,32,NYM,16,8,6,1,0.613,73,31,0,1,1,0,0,136
Marcell Ozuna,32,ATL,84,100,0,0,0.905,138,296,9,3,0,2,1,592
Emilio Pagán*,32,MIN,0,0,0,0,,,0,0,0,0,0,0,0
Carlos Pérez,32,OAK,17,20,0,0,0.65,85,60,4,4,1,3,0,189
J.T. Realmuto,32,PHI,70,63,16,5,0.762,106,221,10,9,0,5,3,540
Rob Refsnyder,32,BOS,31,28,7,2,0.682,87,64,8,5,1,1,0,243
Matt Reynolds,32,CIN,1,0,0,0,0.4,9,1,0,0,0,0,0,5
Taylor Rogers*,32,SFG,0,0,0,0,,,0,0,0,0,0,0,0
Tyler Rogers,32,SFG,0,0,0,0,,,0,0,0,0,0,0,0
Marcus Semien,32,TEX,122,100,14,3,0.826,122,320,5,5,0,5,1,753
Mike Tauchman*,32,CHC,64,48,7,1,0.739,100,127,3,4,1,3,1,401
Chris Taylor,32,LAD,51,56,16,3,0.746,100,142,2,4,0,1,2,384
Michael A. Taylor,32,MIN,48,51,13,1,0.72,94,157,7,3,3,1,0,388
Trayce Thompson,32,TOT,17,17,2,0,0.579,58,45,1,2,0,0,0,179
Trayce Thompson,32,LAD,12,14,0,0,0.677,82,26,0,1,0,0,0,87
Trayce Thompson,32,CHW,5,3,2,0,0.493,37,19,1,1,0,0,0,92
Justin Topa,32,SEA,0,0,0,0,,,0,0,0,0,0,0,0
Christian Vázquez,32,MIN,34,32,1,0,0.598,65,104,11,1,1,1,1,355
Luke Voit,32,MIL,5,4,2,0,0.548,53,18,3,2,0,0,0,74
Christian Walker,32,ARI,86,103,11,0,0.83,123,289,13,8,0,8,3,661
Nick Wittgren,32,KCR,0,0,0,0,,,0,0,0,0,0,0,0
Kolten Wong*,32,TOT,25,27,3,2,0.519,47,59,1,5,0,3,0,250
Kolten Wong*,32,SEA,21,19,1,1,0.468,34,44,0,4,0,2,0,216
Kolten Wong*,32,LAD,4,8,2,1,0.853,127,15,1,1,0,1,0,34
Austin Wynns,32,TOT,11,10,1,0,0.545,42,36,4,2,3,1,0,145
Austin Wynns,32,SFG,0,0,0,0,0,-100,0,0,0,0,0,0,2
Austin Wynns,32,LAD,0,2,0,0,0.523,42,3,0,0,0,0,0,12
Austin Wynns,32,COL,11,8,1,0,0.555,45,33,4,2,3,1,0,131
Mike Yastrzemski*,32,SFG,54,43,2,2,0.775,113,147,5,3,2,1,3,381
Mike Zunino,32,CLE,11,11,0,0,0.578,62,38,3,1,0,0,0,140
Ehire Adrianza#,33,ATL,0,0,0,0,0.091,-72,0,0,0,0,0,0,11
Jesús Aguilar,33,OAK,8,9,0,0,0.665,89,40,3,1,0,1,2,115
Nick Ahmed,33,ARI,14,17,5,1,0.56,53,60,0,0,0,0,0,210
Scott Alexander*,33,SFG,0,0,0,0,,,0,0,0,0,0,0,0
José Altuve,33,HOU,76,51,14,2,0.915,151,188,9,5,0,1,0,410
Austin Barnes,33,LAD,15,11,2,1,0.498,36,43,7,2,1,2,0,200
Anthony Bemboom*,33,BAL,0,0,0,0,0.49,44,2,0,0,0,0,0,13
Jon Berti,33,MIA,53,33,16,6,0.748,103,157,10,2,2,3,2,424
Jackie Bradley Jr.*,33,KCR,10,6,0,0,0.397,10,22,3,2,1,0,0,113
Andrew Chafin,33,TOT,0,0,0,0,,,0,0,0,0,0,0,0
Andrew Chafin,33,ARI,0,0,0,0,,,0,0,0,0,0,0,0
Danny Coulombe*,33,BAL,0,0,0,0,,,0,0,0,0,0,0,0
C.J. Cron,33,TOT,38,37,0,0,0.729,87,112,13,1,0,2,0,278
C.J. Cron,33,COL,31,32,0,0,0.78,98,99,10,1,0,2,0,224
C.J. Cron,33,LAA,7,5,0,0,0.519,43,13,3,0,0,0,0,54
Freddie Freeman*,33,LAD,131,102,23,1,0.976,161,361,14,16,0,5,12,730
Robbie Grossman#,33,TEX,56,49,1,0,0.734,100,139,8,2,0,8,0,420
Jason Heyward*,33,LAD,56,40,2,2,0.813,117,158,7,3,0,3,1,377
Aaron Hicks#,33,TOT,44,36,6,0,0.735,106,103,3,0,0,1,1,312
Aaron Hicks#,33,NYY,9,5,0,0,0.524,45,18,0,0,0,0,0,76
Aaron Hicks#,33,BAL,35,31,6,0,0.806,127,85,3,0,0,1,1,236
Kyle Higashioka,33,NYY,24,34,0,0,0.687,85,100,5,0,1,3,0,260
Eric Hosmer*,33,CHC,7,14,0,0,0.61,64,31,5,0,0,0,0,100
Kevin Kiermaier*,33,TOR,58,36,14,1,0.741,104,155,9,4,1,4,0,408
Nick Martini*,33,CIN,10,16,0,0,0.912,139,42,1,2,0,0,0,79
James McCann,33,BAL,25,26,3,1,0.646,79,78,5,5,3,2,0,226
Scott McGough,33,ARI,0,0,0,0,,,0,0,0,0,0,0,0
Brad Miller*,33,TEX,8,6,0,0,0.668,83,19,1,0,0,1,0,67
Taylor Motter,33,STL,3,2,0,0,0.442,23,16,0,1,0,0,0,82
Austin Nola,33,SDP,9,8,0,0,0.452,30,25,5,2,4,0,0,154
Salvador Pérez,33,KCR,59,80,0,0,0.714,94,227,11,13,0,8,6,580
Jace Peterson*,33,TOT,35,37,15,2,0.611,75,115,7,4,2,3,2,430
Jace Peterson*,33,OAK,30,28,11,1,0.637,84,91,6,3,1,3,1,324
Jace Peterson*,33,ARI,5,9,4,1,0.534,48,24,1,1,1,0,1,106
Anthony Rendon,33,LAA,23,22,2,0,0.678,88,47,6,6,0,4,0,183
Anthony Rizzo*,33,NYY,45,41,0,3,0.706,94,141,10,12,0,1,1,421
Jean Segura,33,MIA,25,21,6,2,0.556,52,84,12,2,1,0,1,326
Paul Sewald,33,TOT,0,0,0,0,,,0,0,0,0,0,0,0
Paul Sewald,33,SEA,0,0,0,0,,,0,0,0,0,0,0,0
Paul Sewald,33,ARI,0,0,0,0,,,0,0,0,0,0,0,0
Will Smith,33,TEX,0,0,0,0,,,0,0,0,0,0,0,0
George Springer,33,TOR,87,72,20,5,0.732,102,248,20,5,0,3,1,683
Jacob Stallings,33,MIA,22,20,0,0,0.565,54,69,9,3,3,2,0,276
Giancarlo Stanton,33,NYY,43,60,0,0,0.695,87,156,11,2,0,1,3,415
Brent Suter*,33,COL,0,0,0,0,,,0,0,0,0,0,0,0
Joey Wendle*,33,MIA,33,20,7,1,0.554,50,91,8,2,3,3,0,318
Abraham Almonte#,34,NYM,1,0,0,0,0.258,-28,2,0,0,0,0,0,16
Elvis Andrus,34,CHW,39,44,12,4,0.662,81,134,11,4,1,2,1,406
Mark Canha,34,TOT,51,62,11,1,0.755,108,174,11,17,0,6,1,507
Mark Canha,34,NYM,28,29,7,0,0.725,100,98,8,9,0,5,0,303
Mark Canha,34,MIL,23,33,4,1,0.8,120,76,3,8,0,1,1,204
Curt Casali,34,CIN,8,6,0,0,0.49,36,16,1,2,3,0,0,96
Charlie Culberson,34,ATL,0,0,0,0,2,443,1,0,0,0,0,0,1
Travis d'Arnaud,34,ATL,31,39,0,0,0.685,82,106,6,3,0,1,0,292
Corey Dickerson*,34,WSN,12,17,0,1,0.637,76,51,3,0,0,1,0,152
Adam Duvall,34,BOS,45,58,4,0,0.834,119,170,0,6,0,5,1,353
Eduardo Escobar#,34,TOT,32,31,2,1,0.613,67,99,7,0,1,2,0,309
Eduardo Escobar#,34,NYM,15,16,2,0,0.695,89,45,4,0,1,1,0,120
Eduardo Escobar#,34,LAA,17,15,0,1,0.563,53,54,3,0,0,1,0,189
Yasmani Grandal#,34,CHW,33,33,0,0,0.647,77,123,11,4,0,2,1,405
Tommy La Stella*,34,SEA,2,2,0,0,0.53,53,5,0,0,0,0,0,24
DJ LeMahieu,34,NYY,55,44,2,2,0.718,96,194,14,3,0,2,2,562
Sandy León#,34,TEX,4,4,0,0,0.381,4,8,2,1,1,0,0,44
Drew Maggi,34,PIT,1,1,0,0,0.833,124,3,0,0,0,0,0,6
Starling Marte,34,NYM,38,28,24,4,0.625,73,102,8,8,2,0,1,341
Whit Merrifield,34,TOR,66,67,26,10,0.7,94,209,15,3,0,6,2,592
Mike Moustakas*,34,TOT,43,48,0,0,0.685,81,138,7,3,0,8,1,386
Mike Moustakas*,34,COL,21,17,0,0,0.795,105,50,1,1,0,3,1,136
Mike Moustakas*,34,LAA,22,31,0,0,0.627,68,88,6,2,0,5,0,250
Héctor Neris,34,HOU,0,0,0,0,,,0,0,0,0,0,0,0
Roberto Pérez,34,SFG,0,1,0,0,0.369,7,2,0,0,0,0,0,17
Kevin Pillar,34,ATL,29,32,4,1,0.664,74,82,2,0,0,3,0,206
Ryan Pressly,34,HOU,0,0,0,0,,,0,0,0,0,0,0,0
Miguel Rojas,34,LAD,49,31,8,3,0.612,66,124,12,5,2,5,0,423
Drew Smyly*,34,CHC,0,0,0,0,,,0,0,0,0,0,0,0
Brandon Belt*,35,TOR,53,43,0,0,0.858,136,166,5,2,0,2,1,404
Ryan Brasier,35,TOT,0,0,0,0,,,0,0,0,0,0,0,0
Ryan Brasier,35,LAD,0,0,0,0,,,0,0,0,0,0,0,0
Kole Calhoun*,35,CLE,18,25,0,1,0.657,82,59,3,2,0,2,0,174
Aroldis Chapman*,35,TOT,0,0,0,0,,,0,0,0,0,0,0,0
Aroldis Chapman*,35,KCR,0,0,0,0,,,0,0,0,0,0,0,0
Kyle Gibson,35,BAL,0,0,0,0,,,0,0,0,0,0,0,0
Paul Goldschmidt,35,STL,89,80,11,2,0.81,120,265,12,3,0,3,6,687
Yan Gomes,35,CHC,44,63,1,0,0.723,93,156,9,9,0,7,1,419
Josh Harrison,35,PHI,8,10,0,0,0.554,53,30,2,6,0,2,0,114
Kenley Jansen#,35,BOS,0,0,0,0,,,0,0,0,0,0,0,0
J.D. Martinez,35,LAD,61,103,1,0,0.893,134,247,11,2,0,9,1,479
David Peralta*,35,LAD,47,55,4,1,0.675,81,150,8,2,0,6,1,422
Tommy Pham,35,TOT,55,68,22,3,0.774,111,190,11,2,0,6,1,481
Tommy Pham,35,NYM,29,36,11,1,0.82,124,109,2,1,0,3,1,264
Tommy Pham,35,ARI,26,32,11,2,0.72,95,81,9,1,0,3,0,217
AJ Pollock,35,TOT,15,15,0,1,0.524,46,41,1,0,0,2,0,144
AJ Pollock,35,SEA,15,15,0,1,0.547,53,41,1,0,0,2,0,138
AJ Pollock,35,SFG,0,0,0,0,0,-100,0,0,0,0,0,0,6
Brooks Raley*,35,NYM,0,0,0,0,,,0,0,0,0,0,0,0
Donovan Solano,35,MIN,43,38,0,0,0.76,110,154,8,15,0,1,1,450
José Abreu,36,HOU,62,90,0,1,0.68,87,207,16,6,0,6,1,594
Charlie Blackmon*,36,COL,57,40,4,1,0.803,107,158,6,11,0,4,0,413
Michael Brantley*,36,HOU,7,7,0,0,0.724,98,23,2,0,0,1,0,57
Brandon Crawford*,36,SFG,31,38,3,0,0.587,63,89,5,4,1,4,1,320
Tommy Hunter,36,NYM,0,0,0,0,,,0,0,0,0,0,0,0
Martín Maldonado,36,HOU,33,36,0,0,0.606,66,126,10,3,12,0,0,407
Andrew McCutchen,36,PIT,55,43,11,3,0.776,113,155,8,4,0,4,1,473
Manny Piña,36,OAK,1,1,0,0,0.75,108,6,1,0,0,0,0,12
Darin Ruf,36,TOT,3,3,0,0,0.619,74,14,0,0,0,0,0,57
Darin Ruf,36,SFG,1,3,0,0,0.718,102,8,0,0,0,0,0,27
Darin Ruf,36,MIL,2,0,0,0,0.531,49,6,0,0,0,0,0,30
Matt Carpenter*,37,SDP,18,31,1,0,0.641,81,60,2,2,0,5,0,237
Josh Donaldson,37,TOT,18,26,0,0,0.667,79,69,6,0,0,2,0,189
Josh Donaldson,37,NYY,13,15,0,0,0.659,75,46,2,0,0,2,0,120
Josh Donaldson,37,MIL,5,11,0,0,0.68,85,23,4,0,0,0,0,69
Evan Longoria,37,ARI,25,28,0,0,0.717,93,89,8,0,0,3,0,237
Chris Martin,37,BOS,0,0,0,0,,,0,0,0,0,0,0,0
Carlos Santana#,37,TOT,78,86,6,0,0.747,103,236,11,0,0,4,0,619
Carlos Santana#,37,PIT,45,53,6,0,0.732,99,142,3,0,0,3,0,393
Carlos Santana#,37,MIL,33,33,0,0,0.773,109,94,8,0,0,1,0,226
Justin Turner,38,BOS,86,96,4,1,0.8,114,254,10,11,0,6,0,626
Zack Greinke,39,KCR,0,0,0,0,,,0,0,0,0,0,0,0
Yuli Gurriel,39,MIA,32,27,4,0,0.663,79,107,13,1,0,4,3,329
Joey Votto*,39,CIN,26,38,0,0,0.747,99,90,2,7,0,0,0,242
Miguel Cabrera,40,DET,21,34,0,0,0.675,86,118,11,2,0,3,0,370
Adam Wainwright,41,STL,0,0,0,0,0,-100,0,0,0,0,0,0,2
Nelson Cruz,42,SDP,9,23,1,0,0.681,88,57,2,2,0,1,1,152